-- 1. Users 데이터 삽입
INSERT INTO users (id, email, nickname, password, is_deleted, created_at, updated_at)
VALUES
    ('10000000-0000-0000-0000-000000000001', 'user1123@test.com', '독서왕', 'pass1', false, NOW(), NOW()),
    ('10000000-0000-0000-0000-000000000002', 'user2235@test.com', '책벌레', 'pass12', false, NOW(), NOW()),
    ('10000000-0000-0000-0000-000000000003', 'user3546@test.com', '북리더', 'pass123', false, NOW(), NOW()),
    ('10000000-0000-0000-0000-000000000004', 'user41@test.com', '소설마니아', 'pass1234', false, NOW(), NOW()),
    ('10000000-0000-0000-0000-000000000005', 'user5876@test.com', '활자중독', 'pass12345', false, NOW(), NOW());

-- 2. Books 데이터 삽입
INSERT INTO books (id, title, author, description, publisher, published_date, thumbnail_url, isbn, is_deleted, rating, review_count, created_at, updated_at)
VALUES
    ('20000000-0000-0000-0000-000000000001', '스프링 부트 핵심', '김스프링', '스프링 부트 마스터하기', 'IT북스', '2024-01-01', 'url1', '9788900000001', false, 4.8, 10, NOW(), NOW()),
    ('20000000-0000-0000-0000-000000000002', '자바의 정석', '남궁성', '자바의 교과서', '도우출판', '2024-01-15', 'url2', '9788900000002', false, 4.5, 15, NOW(), NOW()),
    ('20000000-0000-0000-0000-000000000003', '클린 코드', '로버트 C. 마틴', '소프트웨어 장인정신', '인사이트', '2024-02-01', 'url3', '9788900000003', false, 4.2, 5, NOW(), NOW()),
    ('20000000-0000-0000-0000-000000000004', '모던 자바스크립트', '이웅모', 'JS 딥다이브', '위키북스', '2024-02-20', 'url4', '9788900000004', false, 4.0, 8, NOW(), NOW()),
    ('20000000-0000-0000-0000-000000000005', '데이터베이스 개론', '이데이터', 'DB 기초 다지기', '한빛미디어', '2024-03-01', 'url5', '9788900000005', false, 4.9, 20, NOW(), NOW());

-- 3. Reviews 데이터 삽입 (book_id, user_id 복합 유니크 제약조건 준수)
INSERT INTO reviews (id, rating, content, likes, comments, created_at, updated_at, book_id, user_id)
VALUES
    ('30000000-0000-0000-0000-000000000001', 5, '정말 최고의 책입니다!', 10, 2, NOW(), NOW(), '20000000-0000-0000-0000-000000000001', '10000000-0000-0000-0000-000000000001'),
    ('30000000-0000-0000-0000-000000000002', 4, '조금 어렵지만 유익해요.', 5, 1, NOW(), NOW(), '20000000-0000-0000-0000-000000000002', '10000000-0000-0000-0000-000000000002'),
    ('30000000-0000-0000-0000-000000000003', 5, '두고두고 읽을 명저입니다.', 20, 5, NOW(), NOW(), '20000000-0000-0000-0000-000000000003', '10000000-0000-0000-0000-000000000003'),
    ('30000000-0000-0000-0000-000000000004', 3, '초보자에게는 벅찬 내용이네요.', 2, 0, NOW(), NOW(), '20000000-0000-0000-0000-000000000004', '10000000-0000-0000-0000-000000000004'),
    ('30000000-0000-0000-0000-000000000005', 4, '기본기를 탄탄하게 다질 수 있습니다.', 8, 3, NOW(), NOW(), '20000000-0000-0000-0000-000000000005', '10000000-0000-0000-0000-000000000005');

-- 4. Review_likes 데이터 삽입 (user_id, review_id 복합 유니크 제약조건 준수)
INSERT INTO review_likes (id, created_at, updated_at, user_id, review_id)
VALUES
    ('40000000-0000-0000-0000-000000000001', NOW(), NOW(), '10000000-0000-0000-0000-000000000002', '30000000-0000-0000-0000-000000000001'),
    ('40000000-0000-0000-0000-000000000002', NOW(), NOW(), '10000000-0000-0000-0000-000000000003', '30000000-0000-0000-0000-000000000002'),
    ('40000000-0000-0000-0000-000000000003', NOW(), NOW(), '10000000-0000-0000-0000-000000000004', '30000000-0000-0000-0000-000000000003'),
    ('40000000-0000-0000-0000-000000000004', NOW(), NOW(), '10000000-0000-0000-0000-000000000005', '30000000-0000-0000-0000-000000000004'),
    ('40000000-0000-0000-0000-000000000005', NOW(), NOW(), '10000000-0000-0000-0000-000000000001', '30000000-0000-0000-0000-000000000005');

-- 5. Comments 데이터 삽입
INSERT INTO comments (id, content, created_at, updated_at, review_id, user_id)
VALUES
    ('50000000-0000-0000-0000-000000000001', '공감합니다. 좋은 리뷰 감사해요!', NOW(), NOW(), '30000000-0000-0000-0000-000000000001', '10000000-0000-0000-0000-000000000002'),
    ('50000000-0000-0000-0000-000000000002', '저도 읽어봐야겠네요.', NOW(), NOW(), '30000000-0000-0000-0000-000000000002', '10000000-0000-0000-0000-000000000003'),
    ('50000000-0000-0000-0000-000000000003', '핵심을 잘 짚어주셨네요.', NOW(), NOW(), '30000000-0000-0000-0000-000000000003', '10000000-0000-0000-0000-000000000004'),
    ('50000000-0000-0000-0000-000000000004', '감사합니다, 도움이 되었습니다.', NOW(), NOW(), '30000000-0000-0000-0000-000000000004', '10000000-0000-0000-0000-000000000005'),
    ('50000000-0000-0000-0000-000000000005', '다회독 추천합니다!', NOW(), NOW(), '30000000-0000-0000-0000-000000000005', '10000000-0000-0000-0000-000000000001');

-- 6. Alarms 데이터 삽입
INSERT INTO alarms (id, type, contents, recipient, sender, link, created_at, updated_at)
VALUES
    ('60000000-0000-0000-0000-000000000001', 'LIKE', '책벌레님이 리뷰를 좋아합니다.', '10000000-0000-0000-0000-000000000001', '책벌레', '/reviews/1', NOW(), NOW()),
    ('60000000-0000-0000-0000-000000000002', 'COMMENT', '북리더님이 댓글을 남겼습니다.', '10000000-0000-0000-0000-000000000002', '북리더', '/reviews/2', NOW(), NOW()),
    ('60000000-0000-0000-0000-000000000003', 'LIKE', '소설마니아님이 리뷰를 좋아합니다.', '10000000-0000-0000-0000-000000000003', '소설마니아', '/reviews/3', NOW(), NOW()),
    ('60000000-0000-0000-0000-000000000004', 'COMMENT', '활자중독님이 댓글을 남겼습니다.', '10000000-0000-0000-0000-000000000004', '활자중독', '/reviews/4', NOW(), NOW()),
    ('60000000-0000-0000-0000-000000000005', 'RANK', '이달의 베스트 유저로 선정되었습니다.', '10000000-0000-0000-0000-000000000005', 'SYSTEM', '/ranking', NOW(), NOW());

-- 7. Power_users 데이터 삽입 (Enum 값을 직접 사용: DAILY, WEEKLY, MONTHLY, ALL_TIME)
INSERT INTO power_users (id, period, ranking, score, review_score_sum, like_count, comment_count, created_at, user_id)
VALUES
    ('70000000-0000-0000-0000-000000000001', 'DAILY', 1, 150.5, 45.0, 50, 20, NOW(), '10000000-0000-0000-0000-000000000001'),
    ('70000000-0000-0000-0000-000000000002', 'WEEKLY', 1, 800.0, 200.0, 150, 60, NOW(), '10000000-0000-0000-0000-000000000002'),
    ('70000000-0000-0000-0000-000000000003', 'MONTHLY', 1, 3500.5, 900.5, 600, 250, NOW(), '10000000-0000-0000-0000-000000000003'),
    ('70000000-0000-0000-0000-000000000004', 'ALL_TIME', 1, 15000.0, 5000.0, 3000, 1500, NOW(), '10000000-0000-0000-0000-000000000004'),
    ('70000000-0000-0000-0000-000000000005', 'WEEKLY', 2, 750.0, 180.0, 120, 50, NOW(), '10000000-0000-0000-0000-000000000005');

-- 8. Popular_books 데이터 삽입 (Enum 값을 직접 사용)
INSERT INTO popular_books (id, book_id, period, rating, score, review_count, ranking, created_at)
VALUES
    ('80000000-0000-0000-0000-000000000001', '20000000-0000-0000-0000-000000000001', 'DAILY', 4.8, 150, 10, 1, NOW()),
    ('80000000-0000-0000-0000-000000000002', '20000000-0000-0000-0000-000000000002', 'WEEKLY', 4.5, 1200, 80, 1, NOW()),
    ('80000000-0000-0000-0000-000000000003', '20000000-0000-0000-0000-000000000003', 'MONTHLY', 4.2, 5000, 300, 1, NOW()),
    ('80000000-0000-0000-0000-000000000004', '20000000-0000-0000-0000-000000000004', 'ALL_TIME', 4.0, 20000, 1500, 1, NOW()),
    ('80000000-0000-0000-0000-000000000005', '20000000-0000-0000-0000-000000000005', 'WEEKLY', 4.9, 1100, 70, 2, NOW());

-- 9. Popular_reviews 데이터 삽입 (Enum 값을 직접 사용)
INSERT INTO popular_reviews (id, period, ranking, score, created_at, like_count, comment_count, review_id)
VALUES
    ('90000000-0000-0000-0000-000000000001', 'DAILY', 1, 95.5, NOW(), 15, 2, '30000000-0000-0000-0000-000000000001'),
    ('90000000-0000-0000-0000-000000000002', 'WEEKLY', 1, 850.0, NOW(), 150, 20, '30000000-0000-0000-0000-000000000002'),
    ('90000000-0000-0000-0000-000000000003', 'MONTHLY', 1, 3500.5, NOW(), 600, 80, '30000000-0000-0000-0000-000000000003'),
    ('90000000-0000-0000-0000-000000000004', 'ALL_TIME', 1, 15000.0, NOW(), 3000, 500, '30000000-0000-0000-0000-000000000004'),
    ('90000000-0000-0000-0000-000000000005', 'WEEKLY', 2, 800.0, NOW(), 120, 15, '30000000-0000-0000-0000-000000000005');